{"is_source_file": true, "format": "JavaScript", "description": "This file is the entry point for a React-based frontend application. It imports React libraries, CSS files, and the main App component, then renders the App component into the DOM.", "external_files": ["react", "react-dom/client", "./index.css", "./App"], "external_methods": ["ReactDOM.createRoot", "root.render"], "published": ["React", "ReactDOM"], "classes": [], "methods": [{"name": "ReactDOM.createRoot", "description": "Creates a root to render React components into the DOM."}, {"name": "root.render", "description": "Renders the React component tree into the DOM root."}], "calls": ["ReactDOM.createRoot", "root.render", "React.StrictMode", "App"], "search-terms": ["React", "ReactDOM", "index.js", "render", "createRoot", "strict mode"], "state": 2, "file_id": 6, "knowledge_revision": 24, "git_revision": "becef936d79539a15a25037d363b6baafdc09cef", "ctags": [{"_type": "tag", "name": "root", "path": "/home/kavia/workspace/code-generation/simple-notes-app-217222-217232/notes_frontend/src/index.js", "pattern": "/^const root = ReactDOM.createRoot(document.getElementById('root'));$/", "language": "JavaScript", "kind": "constant"}], "hash": "9fc5841375336fc175b49f8767a11383", "format-version": 4, "code-base-name": "notes_frontend", "filename": "notes_frontend/src/index.js", "revision_history": [{"24": "becef936d79539a15a25037d363b6baafdc09cef"}]}