{"is_source_file": false, "format": "", "description": "", "external_files": [], "external_methods": [], "published": [], "classes": [], "methods": [], "calls": [], "search-terms": [], "state": 2, "file_id": 9, "knowledge_revision": 22, "git_revision": "becef936d79539a15a25037d363b6baafdc09cef", "hash": "22f9e17cc1848b56dbb244518ac2707e", "format-version": 4, "code-base-name": "notes_frontend", "filename": "notes_frontend/src/App.css", "revision_history": [{"22": "becef936d79539a15a25037d363b6baafdc09cef"}]}