{"is_source_file": true, "format": "JavaScript", "description": "This file sets up testing environment configurations for a React project using Jest and testing-library, specifically importing jest-dom matchers for DOM assertions.", "external_files": ["@testing-library/jest-dom"], "external_methods": [], "published": [], "classes": [], "methods": [], "calls": ["import '@testing-library/jest-dom'"], "search-terms": ["setupTests.js", "Jest", "testing-library", "jest-dom", "React testing", "test setup"], "state": 2, "file_id": 5, "knowledge_revision": 19, "git_revision": "becef936d79539a15a25037d363b6baafdc09cef", "ctags": [], "hash": "1a77571e1a8cf36018a41bcedf60db75", "format-version": 4, "code-base-name": "notes_frontend", "filename": "notes_frontend/src/setupTests.js", "revision_history": [{"19": "becef936d79539a15a25037d363b6baafdc09cef"}]}